{
  "name": "closure-opt",
  "geos": {
    "reatom-jsx": 43.6115120434002,
    "vue": 40.6292179199828
  },
  "baseline_geos": {
    "reatom-jsx": 43.59101938415171,
    "vue": 40.24475797416552
  },
  "benches": {
    "01_run1k": {
      "reatom": {
        "total": 66.70666666666668,
        "script": 23.993333333333332,
        "paint": 42.00666666666667
      },
      "vue": {
        "total": 56.34666666666667,
        "script": 13.633333333333333,
        "paint": 42.03333333333333
      },
      "baseline_reatom_total": 69.05333333333333,
      "delta_vs_baseline_total": -2.34666666666665
    },
    "02_replace1k": {
      "reatom": {
        "total": 74.02666666666667,
        "script": 30.006666666666664,
        "paint": 43.28666666666667
      },
      "vue": {
        "total": 60.53333333333334,
        "script": 16.06666666666667,
        "paint": 43.72666666666667
      },
      "baseline_reatom_total": 71.33999999999999,
      "delta_vs_baseline_total": 2.6866666666666816
    },
    "03_update10th1k_x16": {
      "reatom": {
        "total": 24.073333333333334,
        "script": 1.5933333333333333,
        "paint": 20.46666666666666
      },
      "vue": {
        "total": 26.66,
        "script": 3.5866666666666664,
        "paint": 21.02
      },
      "baseline_reatom_total": 24.593333333333337,
      "delta_vs_baseline_total": -0.5200000000000031
    },
    "04_select1k": {
      "reatom": {
        "total": 5.683999999999998,
        "script": 0.6040000000000001,
        "paint": 4.072
      },
      "vue": {
        "total": 6.636,
        "script": 1.396,
        "paint": 4.215999999999999
      },
      "baseline_reatom_total": 5.5360000000000005,
      "delta_vs_baseline_total": 0.1479999999999979
    },
    "05_swap1k": {
      "reatom": {
        "total": 29.339999999999993,
        "script": 0.8533333333333334,
        "paint": 26.206666666666667
      },
      "vue": {
        "total": 29.493333333333336,
        "script": 1.7533333333333334,
        "paint": 25.473333333333326
      },
      "baseline_reatom_total": 29.75333333333333,
      "delta_vs_baseline_total": -0.41333333333333755
    },
    "06_remove-one-1k": {
      "reatom": {
        "total": 23.519999999999996,
        "script": 0.3333333333333333,
        "paint": 21.90666666666667
      },
      "vue": {
        "total": 25.613333333333337,
        "script": 2.86,
        "paint": 21.426666666666666
      },
      "baseline_reatom_total": 23.486666666666668,
      "delta_vs_baseline_total": 0.033333333333327886
    },
    "07_create10k": {
      "reatom": {
        "total": 675.5,
        "script": 220.16666666666666,
        "paint": 450.5800000000001
      },
      "vue": {
        "total": 582.0866666666667,
        "script": 105.09333333333333,
        "paint": 472.5133333333334
      },
      "baseline_reatom_total": 659.8733333333333,
      "delta_vs_baseline_total": 15.626666666666665
    },
    "08_create1k-after1k_x2": {
      "reatom": {
        "total": 68.22,
        "script": 21.800000000000004,
        "paint": 45.09333333333334
      },
      "vue": {
        "total": 59.54666666666665,
        "script": 11.393333333333334,
        "paint": 47.013333333333335
      },
      "baseline_reatom_total": 69.56666666666666,
      "delta_vs_baseline_total": -1.346666666666664
    },
    "09_clear1k_x8": {
      "reatom": {
        "total": 26.56,
        "script": 23.94666666666667,
        "paint": 1.9333333333333336
      },
      "vue": {
        "total": 19.09333333333333,
        "script": 16.206666666666663,
        "paint": 2.393333333333333
      },
      "baseline_reatom_total": 26.413333333333334,
      "delta_vs_baseline_total": 0.14666666666666472
    },
    "21_ready-memory": {
      "reatom": {
        "total": 1.2007818222045898,
        "script": null,
        "paint": null
      },
      "vue": {
        "total": 1.3453636169433594,
        "script": null,
        "paint": null
      },
      "baseline_reatom_total": 1.2248830795288086,
      "delta_vs_baseline_total": -0.02410125732421875
    },
    "22_run-memory": {
      "reatom": {
        "total": 6.4692888259887695,
        "script": null,
        "paint": null
      },
      "vue": {
        "total": 4.224884033203125,
        "script": null,
        "paint": null
      },
      "baseline_reatom_total": 6.361700057983398,
      "delta_vs_baseline_total": 0.1075887680053711
    },
    "25_run-clear-memory": {
      "reatom": {
        "total": 1.6283903121948242,
        "script": null,
        "paint": null
      },
      "vue": {
        "total": 2.047745704650879,
        "script": null,
        "paint": null
      },
      "baseline_reatom_total": 1.622481346130371,
      "delta_vs_baseline_total": 0.005908966064453125
    },
    "41_size-uncompressed": {
      "reatom": {
        "total": 30.4,
        "script": null,
        "paint": null
      },
      "vue": {
        "total": 63.7,
        "script": null,
        "paint": null
      },
      "baseline_reatom_total": 29.6,
      "delta_vs_baseline_total": 0.7999999999999972
    },
    "42_size-compressed": {
      "reatom": {
        "total": 10.7,
        "script": null,
        "paint": null
      },
      "vue": {
        "total": 22.8,
        "script": null,
        "paint": null
      },
      "baseline_reatom_total": 10.4,
      "delta_vs_baseline_total": 0.29999999999999893
    },
    "43_first-paint": {
      "reatom": {
        "total": 72.1,
        "script": null,
        "paint": null
      },
      "vue": {
        "total": 115.4,
        "script": null,
        "paint": null
      },
      "baseline_reatom_total": 65.9,
      "delta_vs_baseline_total": 6.199999999999989
    }
  }
}