{
  "final": true,
  "stack": "steps-1-5 + fable-exp-1/2/3 (registry connect + eagerlyDetached + release child registries)",
  "geos": {
    "reatom-jsx": 43.78676693426879,
    "preact-hooks": 57.36214083405409,
    "react-hooks": 56.905412278061945,
    "solid": 37.577972316047116,
    "vue": 40.68654826750304
  },
  "baseline_geos": {
    "reatom-jsx": 43.59101938415171,
    "preact-hooks": 58.214738995685664,
    "react-hooks": 57.06492012614882,
    "solid": 37.901656644929396,
    "vue": 40.24475797416552
  },
  "step_geos": {
    "1": {
      "reatom-jsx": 49.72302216774105,
      "vue": 47.406760774552
    },
    "2": {
      "reatom-jsx": 44.01947751413292,
      "vue": 39.76195245919173
    },
    "3": {
      "reatom-jsx": 43.450198739099406,
      "vue": 40.188949498512955
    },
    "4": {
      "reatom-jsx": 47.47867900098989,
      "vue": 43.99740881274712
    },
    "5": {
      "reatom-jsx": 49.0377286961503,
      "vue": 45.12956733431256
    }
  },
  "exp_geos": {
    "1": {
      "reatom-jsx": 51.87014514783158,
      "vue": 47.533590041376236
    },
    "2": {
      "reatom-jsx": 45.21351341272973,
      "vue": 42.4760150098739
    },
    "3": {
      "reatom-jsx": 44.88744485901411,
      "vue": 41.370195123014135
    }
  },
  "benches": {
    "01_run1k": {
      "reatom-jsx": 68.42666666666668,
      "preact-hooks": 58.47333333333333,
      "react-hooks": 57.900000000000006,
      "solid": 47.45333333333333,
      "vue": 56.55333333333333
    },
    "02_replace1k": {
      "reatom-jsx": 71.86666666666669,
      "preact-hooks": 65.84666666666668,
      "react-hooks": 63.800000000000004,
      "solid": 52.84000000000001,
      "vue": 59.886666666666656
    },
    "03_update10th1k_x16": {
      "reatom-jsx": 25.506666666666664,
      "preact-hooks": 44.906666666666666,
      "react-hooks": 28.513333333333332,
      "solid": 24.653333333333332,
      "vue": 26.71333333333333
    },
    "04_select1k": {
      "reatom-jsx": 5.4639999999999995,
      "preact-hooks": 24.571999999999992,
      "react-hooks": 8.428,
      "solid": 6.435999999999999,
      "vue": 6.659999999999999
    },
    "05_swap1k": {
      "reatom-jsx": 28.826666666666664,
      "preact-hooks": 52.45333333333333,
      "react-hooks": 194.52,
      "solid": 29.459999999999997,
      "vue": 29.693333333333328
    },
    "06_remove-one-1k": {
      "reatom-jsx": 23.099999999999998,
      "preact-hooks": 35.20000000000001,
      "react-hooks": 24.673333333333332,
      "solid": 23.16,
      "vue": 25.94666666666667
    },
    "07_create10k": {
      "reatom-jsx": 675.5133333333332,
      "preact-hooks": 603.1733333333333,
      "react-hooks": 770.8666666666667,
      "solid": 496.3866666666667,
      "vue": 579.3799999999999
    },
    "08_create1k-after1k_x2": {
      "reatom-jsx": 70.11333333333332,
      "preact-hooks": 67.69333333333333,
      "react-hooks": 64.22,
      "solid": 54.55333333333333,
      "vue": 59.62
    },
    "09_clear1k_x8": {
      "reatom-jsx": 27.373333333333328,
      "preact-hooks": 20.993333333333332,
      "react-hooks": 29.666666666666675,
      "solid": 20.326666666666668,
      "vue": 19.053333333333335
    },
    "21_ready-memory": {
      "reatom-jsx": 1.2154579162597656,
      "preact-hooks": 1.0948247909545898,
      "react-hooks": 1.675333023071289,
      "solid": 0.9961042404174805,
      "vue": 1.3541336059570312
    },
    "22_run-memory": {
      "reatom-jsx": 6.682450294494629,
      "preact-hooks": 3.785954475402832,
      "react-hooks": 4.9178876876831055,
      "solid": 3.102663993835449,
      "vue": 4.223267555236816
    },
    "25_run-clear-memory": {
      "reatom-jsx": 1.6442937850952148,
      "preact-hooks": 1.3065690994262695,
      "react-hooks": 2.439666748046875,
      "solid": 1.2317533493041992,
      "vue": 2.0324325561523438
    },
    "41_size-uncompressed": {
      "reatom-jsx": 31.6,
      "preact-hooks": 14.6,
      "react-hooks": 190.3,
      "solid": 11.5,
      "vue": 63.7
    },
    "42_size-compressed": {
      "reatom-jsx": 11,
      "preact-hooks": 5.7,
      "react-hooks": 51.4,
      "solid": 4.5,
      "vue": 22.8
    },
    "43_first-paint": {
      "reatom-jsx": 68.5,
      "preact-hooks": 51.2,
      "react-hooks": 285.7,
      "solid": 47.9,
      "vue": 122.6
    }
  },
  "scripts": {
    "01_run1k": {
      "reatom-jsx": 26.113333333333333,
      "preact-hooks": 15.606666666666667,
      "react-hooks": 15.213333333333335,
      "solid": 5.373333333333332,
      "vue": 13.506666666666664
    },
    "02_replace1k": {
      "reatom-jsx": 28.54666666666667,
      "preact-hooks": 21.426666666666666,
      "react-hooks": 21.206666666666663,
      "solid": 10.113333333333335,
      "vue": 15.786666666666665
    },
    "03_update10th1k_x16": {
      "reatom-jsx": 1.5733333333333333,
      "preact-hooks": 22.11333333333333,
      "react-hooks": 5.753333333333333,
      "solid": 1.6,
      "vue": 3.326666666666666
    },
    "04_select1k": {
      "reatom-jsx": 0.5120000000000001,
      "preact-hooks": 18.648000000000003,
      "react-hooks": 3.1759999999999993,
      "solid": 0.9359999999999999,
      "vue": 1.44
    },
    "05_swap1k": {
      "reatom-jsx": 0.7066666666666668,
      "preact-hooks": 23.566666666666666,
      "react-hooks": 28.86,
      "solid": 1.4733333333333332,
      "vue": 1.7533333333333336
    },
    "06_remove-one-1k": {
      "reatom-jsx": 0.31333333333333335,
      "preact-hooks": 11.62,
      "react-hooks": 1.5266666666666668,
      "solid": 0.5066666666666667,
      "vue": 2.94
    },
    "07_create10k": {
      "reatom-jsx": 227.6733333333333,
      "preact-hooks": 129.24,
      "react-hooks": 315.8733333333333,
      "solid": 50.53333333333334,
      "vue": 101.73333333333333
    },
    "08_create1k-after1k_x2": {
      "reatom-jsx": 22.18,
      "preact-hooks": 18.89333333333333,
      "react-hooks": 15.68,
      "solid": 6.740000000000003,
      "vue": 11.306666666666665
    },
    "09_clear1k_x8": {
      "reatom-jsx": 24.66,
      "preact-hooks": 18.1,
      "react-hooks": 26.99333333333333,
      "solid": 16.706666666666667,
      "vue": 16.253333333333334
    }
  }
}