{
  "experiment": "exp2-registry-connect-eager-only",
  "geos": {
    "reatom-jsx": 45.21351341272973,
    "vue": 42.4760150098739
  },
  "prev_geos": {
    "reatom-jsx": 51.87014514783158,
    "vue": 47.533590041376236
  },
  "baseline_geos": {
    "reatom-jsx": 43.59101938415171,
    "vue": 40.24475797416552
  },
  "benches": {
    "01_run1k": {
      "reatom": {
        "total": 70.63333333333331,
        "script": 27.346666666666668,
        "paint": 42.559999999999995,
        "n": 15,
        "total_sd": 3.799937342841827,
        "script_sd": 2.2080588328945874
      },
      "vue": {
        "total": 58.31333333333334,
        "script": 13.9,
        "paint": 43.76
      },
      "baseline_reatom_total": 69.05333333333333,
      "delta_vs_prev_total": 3.21333333333331,
      "delta_vs_prev_script": 1.9933333333333323
    },
    "02_replace1k": {
      "reatom": {
        "total": 75.77999999999999,
        "script": 30.3,
        "paint": 44.833333333333336,
        "n": 15,
        "total_sd": 4.956554102542268,
        "script_sd": 2.4074289783323386
      },
      "vue": {
        "total": 62.89333333333334,
        "script": 16.833333333333336,
        "paint": 45.22666666666667
      },
      "baseline_reatom_total": 71.33999999999999,
      "delta_vs_prev_total": -6.913333333333355,
      "delta_vs_prev_script": -5.666666666666668
    },
    "03_update10th1k_x16": {
      "reatom": {
        "total": 25.493333333333332,
        "script": 1.9799999999999998,
        "paint": 21.16,
        "n": 15,
        "total_sd": 2.6582665314789176,
        "script_sd": 1.7209631854616432
      },
      "vue": {
        "total": 27.326666666666664,
        "script": 3.62,
        "paint": 21.646666666666665
      },
      "baseline_reatom_total": 24.593333333333337,
      "delta_vs_prev_total": -7.4466666666666725,
      "delta_vs_prev_script": -0.4066666666666674
    },
    "04_select1k": {
      "reatom": {
        "total": 5.651999999999999,
        "script": 0.5720000000000001,
        "paint": 4.168000000000001,
        "n": 25,
        "total_sd": 0.38957241517677643,
        "script_sd": 0.3208322510804258
      },
      "vue": {
        "total": 6.7200000000000015,
        "script": 1.548,
        "paint": 4.04
      },
      "baseline_reatom_total": 5.5360000000000005,
      "delta_vs_prev_total": -0.5160000000000027,
      "delta_vs_prev_script": -0.08400000000000007
    },
    "05_swap1k": {
      "reatom": {
        "total": 29.4,
        "script": 0.7533333333333333,
        "paint": 26.439999999999994,
        "n": 15,
        "total_sd": 0.9856107606091624,
        "script_sd": 0.3622679881497884
      },
      "vue": {
        "total": 30.106666666666666,
        "script": 1.7800000000000002,
        "paint": 25.866666666666664
      },
      "baseline_reatom_total": 29.75333333333333,
      "delta_vs_prev_total": -7.606666666666669,
      "delta_vs_prev_script": -0.22666666666666668
    },
    "06_remove-one-1k": {
      "reatom": {
        "total": 24.59999999999999,
        "script": 0.3,
        "paint": 22.933333333333334,
        "n": 15,
        "total_sd": 2.526148960657027,
        "script_sd": 0.11338934190276817
      },
      "vue": {
        "total": 25.9,
        "script": 2.886666666666667,
        "paint": 21.673333333333336
      },
      "baseline_reatom_total": 23.486666666666668,
      "delta_vs_prev_total": -2.4200000000000124,
      "delta_vs_prev_script": -0.18666666666666665
    },
    "07_create10k": {
      "reatom": {
        "total": 701.82,
        "script": 230.1933333333333,
        "paint": 466.5866666666667,
        "n": 15,
        "total_sd": 59.290883423531966,
        "script_sd": 11.184330024424268
      },
      "vue": {
        "total": 578.6200000000001,
        "script": 106.33333333333331,
        "paint": 467.76666666666654
      },
      "baseline_reatom_total": 659.8733333333333,
      "delta_vs_prev_total": -12.526666666666529,
      "delta_vs_prev_script": -16.066666666666634
    },
    "08_create1k-after1k_x2": {
      "reatom": {
        "total": 70.74,
        "script": 22.526666666666664,
        "paint": 46.92,
        "n": 15,
        "total_sd": 2.4197992832936723,
        "script_sd": 0.7805370556470045
      },
      "vue": {
        "total": 61.46000000000001,
        "script": 11.706666666666665,
        "paint": 48.61333333333333
      },
      "baseline_reatom_total": 69.56666666666666,
      "delta_vs_prev_total": -12.193333333333328,
      "delta_vs_prev_script": -4.160000000000004
    },
    "09_clear1k_x8": {
      "reatom": {
        "total": 28.513333333333335,
        "script": 25.613333333333337,
        "paint": 2.253333333333333,
        "n": 15,
        "total_sd": 1.4554658884291827,
        "script_sd": 1.387632447560884
      },
      "vue": {
        "total": 24.1,
        "script": 20.98,
        "paint": 2.573333333333333
      },
      "baseline_reatom_total": 26.413333333333334,
      "delta_vs_prev_total": -11.993333333333332,
      "delta_vs_prev_script": -11.886666666666663
    },
    "21_ready-memory": {
      "reatom": {
        "total": 1.1975688934326172,
        "script": null,
        "paint": null
      },
      "vue": {
        "total": 1.3354682922363281,
        "script": null,
        "paint": null
      },
      "baseline_reatom_total": 1.2248830795288086,
      "delta_vs_prev_total": -0.015007972717285156,
      "delta_vs_prev_script": null
    },
    "22_run-memory": {
      "reatom": {
        "total": 6.988711357116699,
        "script": null,
        "paint": null
      },
      "vue": {
        "total": 4.259090423583984,
        "script": null,
        "paint": null
      },
      "baseline_reatom_total": 6.361700057983398,
      "delta_vs_prev_total": 0.5216856002807617,
      "delta_vs_prev_script": null
    },
    "25_run-clear-memory": {
      "reatom": {
        "total": 1.619593620300293,
        "script": null,
        "paint": null
      },
      "vue": {
        "total": 2.045212745666504,
        "script": null,
        "paint": null
      },
      "baseline_reatom_total": 1.622481346130371,
      "delta_vs_prev_total": -0.0186767578125,
      "delta_vs_prev_script": null
    },
    "41_size-uncompressed": {
      "reatom": {
        "total": 31.6,
        "script": null,
        "paint": null
      },
      "vue": {
        "total": 63.7,
        "script": null,
        "paint": null
      },
      "baseline_reatom_total": 29.6,
      "delta_vs_prev_total": 1.0,
      "delta_vs_prev_script": null
    },
    "42_size-compressed": {
      "reatom": {
        "total": 11,
        "script": null,
        "paint": null
      },
      "vue": {
        "total": 22.8,
        "script": null,
        "paint": null
      },
      "baseline_reatom_total": 10.4,
      "delta_vs_prev_total": 0.3000000000000007,
      "delta_vs_prev_script": null
    },
    "43_first-paint": {
      "reatom": {
        "total": 76,
        "script": null,
        "paint": null
      },
      "vue": {
        "total": 127.3,
        "script": null,
        "paint": null
      },
      "baseline_reatom_total": 65.9,
      "delta_vs_prev_total": 0.9000000000000057,
      "delta_vs_prev_script": null
    }
  }
}