{
  "step": 1,
  "name": "eager-connect-mo-skip",
  "geos": {
    "reatom-jsx": 49.72302216774105,
    "vue": 47.406760774552
  },
  "baseline_geos": {
    "reatom-jsx": 43.59101938415171,
    "vue": 40.24475797416552
  },
  "benches": {
    "01_run1k": {
      "reatom": {
        "total": 71.75999999999999,
        "script": 28.086666666666666,
        "paint": 42.99333333333333
      },
      "vue": {
        "total": 57.986666666666665,
        "script": 14.253333333333334,
        "paint": 43.04666666666666
      },
      "baseline_reatom_total": 69.05333333333333,
      "delta_vs_baseline_total": 2.7066666666666634
    },
    "02_replace1k": {
      "reatom": {
        "total": 78.34,
        "script": 33.04,
        "paint": 44.51999999999999
      },
      "vue": {
        "total": 63.913333333333334,
        "script": 18.386666666666667,
        "paint": 44.8
      },
      "baseline_reatom_total": 71.33999999999999,
      "delta_vs_baseline_total": 7.000000000000014
    },
    "03_update10th1k_x16": {
      "reatom": {
        "total": 25.146666666666665,
        "script": 2.026666666666667,
        "paint": 20.873333333333335
      },
      "vue": {
        "total": 34.99333333333333,
        "script": 4.793333333333334,
        "paint": 27.780000000000005
      },
      "baseline_reatom_total": 24.593333333333337,
      "delta_vs_baseline_total": 0.5533333333333275
    },
    "04_select1k": {
      "reatom": {
        "total": 6.532,
        "script": 0.6960000000000002,
        "paint": 4.68
      },
      "vue": {
        "total": 7.6160000000000005,
        "script": 1.6880000000000002,
        "paint": 4.612
      },
      "baseline_reatom_total": 5.5360000000000005,
      "delta_vs_baseline_total": 0.9959999999999996
    },
    "05_swap1k": {
      "reatom": {
        "total": 36.61333333333334,
        "script": 0.8133333333333332,
        "paint": 33.36
      },
      "vue": {
        "total": 38.06000000000001,
        "script": 2.3400000000000003,
        "paint": 32.78666666666667
      },
      "baseline_reatom_total": 29.75333333333333,
      "delta_vs_baseline_total": 6.8600000000000065
    },
    "06_remove-one-1k": {
      "reatom": {
        "total": 27.85333333333333,
        "script": 0.4799999999999999,
        "paint": 25.999999999999996
      },
      "vue": {
        "total": 29.73333333333333,
        "script": 3.500000000000001,
        "paint": 24.793333333333337
      },
      "baseline_reatom_total": 23.486666666666668,
      "delta_vs_baseline_total": 4.366666666666664
    },
    "07_create10k": {
      "reatom": {
        "total": 736.9666666666667,
        "script": 237.64000000000004,
        "paint": 494.17333333333335
      },
      "vue": {
        "total": 632.8333333333334,
        "script": 111.89999999999999,
        "paint": 516.3933333333333
      },
      "baseline_reatom_total": 659.8733333333333,
      "delta_vs_baseline_total": 77.09333333333336
    },
    "08_create1k-after1k_x2": {
      "reatom": {
        "total": 78.14,
        "script": 24.426666666666666,
        "paint": 52.40666666666667
      },
      "vue": {
        "total": 64.92666666666666,
        "script": 13.106666666666666,
        "paint": 50.65333333333333
      },
      "baseline_reatom_total": 69.56666666666666,
      "delta_vs_baseline_total": 8.573333333333338
    },
    "09_clear1k_x8": {
      "reatom": {
        "total": 34.26,
        "script": 31.406666666666663,
        "paint": 2.2800000000000002
      },
      "vue": {
        "total": 26.33333333333333,
        "script": 22.986666666666668,
        "paint": 2.726666666666667
      },
      "baseline_reatom_total": 26.413333333333334,
      "delta_vs_baseline_total": 7.846666666666664
    },
    "21_ready-memory": {
      "reatom": {
        "total": 1.2055797576904297,
        "script": null,
        "paint": null
      },
      "vue": {
        "total": 1.3693351745605469,
        "script": null,
        "paint": null
      },
      "baseline_reatom_total": 1.2248830795288086,
      "delta_vs_baseline_total": -0.019303321838378906
    },
    "22_run-memory": {
      "reatom": {
        "total": 6.393982887268066,
        "script": null,
        "paint": null
      },
      "vue": {
        "total": 4.2596540451049805,
        "script": null,
        "paint": null
      },
      "baseline_reatom_total": 6.361700057983398,
      "delta_vs_baseline_total": 0.03228282928466797
    },
    "25_run-clear-memory": {
      "reatom": {
        "total": 1.6261577606201172,
        "script": null,
        "paint": null
      },
      "vue": {
        "total": 2.026555061340332,
        "script": null,
        "paint": null
      },
      "baseline_reatom_total": 1.622481346130371,
      "delta_vs_baseline_total": 0.0036764144897460938
    },
    "41_size-uncompressed": {
      "reatom": {
        "total": 29.9,
        "script": null,
        "paint": null
      },
      "vue": {
        "total": 63.7,
        "script": null,
        "paint": null
      },
      "baseline_reatom_total": 29.6,
      "delta_vs_baseline_total": 0.29999999999999716
    },
    "42_size-compressed": {
      "reatom": {
        "total": 10.5,
        "script": null,
        "paint": null
      },
      "vue": {
        "total": 22.8,
        "script": null,
        "paint": null
      },
      "baseline_reatom_total": 10.4,
      "delta_vs_baseline_total": 0.09999999999999964
    },
    "43_first-paint": {
      "reatom": {
        "total": 76.7,
        "script": null,
        "paint": null
      },
      "vue": {
        "total": 127.4,
        "script": null,
        "paint": null
      },
      "baseline_reatom_total": 65.9,
      "delta_vs_baseline_total": 10.799999999999997
    }
  }
}