{
  "step": 3,
  "name": "slim-meta",
  "geos": {
    "reatom-jsx": 43.450198739099406,
    "vue": 40.188949498512955
  },
  "prev_geos": {
    "reatom-jsx": 44.01947751413292,
    "vue": 39.76195245919173
  },
  "baseline_geos": {
    "reatom-jsx": 43.59101938415171,
    "vue": 40.24475797416552
  },
  "benches": {
    "01_run1k": {
      "reatom": {
        "total": 66.54666666666667,
        "script": 24.94,
        "paint": 40.93333333333333
      },
      "vue": {
        "total": 53.74666666666667,
        "script": 13.066666666666666,
        "paint": 40.02
      },
      "baseline_reatom_total": 69.05333333333333,
      "delta_vs_step2_total": -1.4933333333333394,
      "delta_vs_step2_script": -1.0599999999999987
    },
    "02_replace1k": {
      "reatom": {
        "total": 69.9,
        "script": 28.113333333333333,
        "paint": 41.10000000000001
      },
      "vue": {
        "total": 56.86,
        "script": 15.393333333333333,
        "paint": 40.79333333333333
      },
      "baseline_reatom_total": 71.33999999999999,
      "delta_vs_step2_total": -1.7800000000000011,
      "delta_vs_step2_script": -1.56666666666667
    },
    "03_update10th1k_x16": {
      "reatom": {
        "total": 23.206666666666663,
        "script": 1.2933333333333334,
        "paint": 19.753333333333337
      },
      "vue": {
        "total": 25.793333333333333,
        "script": 3.54,
        "paint": 20.233333333333334
      },
      "baseline_reatom_total": 24.593333333333337,
      "delta_vs_step2_total": 0.120000000000001,
      "delta_vs_step2_script": -0.020000000000000018
    },
    "04_select1k": {
      "reatom": {
        "total": 5.207999999999999,
        "script": 0.452,
        "paint": 3.8719999999999994
      },
      "vue": {
        "total": 6.224000000000001,
        "script": 1.2599999999999998,
        "paint": 4.104
      },
      "baseline_reatom_total": 5.5360000000000005,
      "delta_vs_step2_total": -1.1360000000000001,
      "delta_vs_step2_script": -0.16399999999999998
    },
    "05_swap1k": {
      "reatom": {
        "total": 27.866666666666667,
        "script": 0.8133333333333332,
        "paint": 24.626666666666665
      },
      "vue": {
        "total": 28.606666666666666,
        "script": 1.7133333333333336,
        "paint": 24.59333333333333
      },
      "baseline_reatom_total": 29.75333333333333,
      "delta_vs_step2_total": -1.3666666666666707,
      "delta_vs_step2_script": -0.053333333333333566
    },
    "06_remove-one-1k": {
      "reatom": {
        "total": 22.92,
        "script": 0.31999999999999995,
        "paint": 21.28666666666667
      },
      "vue": {
        "total": 25.08,
        "script": 2.7933333333333334,
        "paint": 20.880000000000003
      },
      "baseline_reatom_total": 23.486666666666668,
      "delta_vs_step2_total": -0.47333333333332916,
      "delta_vs_step2_script": -0.013333333333333364
    },
    "07_create10k": {
      "reatom": {
        "total": 650.7800000000001,
        "script": 206.73999999999995,
        "paint": 439.25333333333333
      },
      "vue": {
        "total": 554.66,
        "script": 99.24,
        "paint": 451.03333333333325
      },
      "baseline_reatom_total": 659.8733333333333,
      "delta_vs_step2_total": -16.826666666666597,
      "delta_vs_step2_script": -5.913333333333384
    },
    "08_create1k-after1k_x2": {
      "reatom": {
        "total": 68.06,
        "script": 22.19333333333333,
        "paint": 44.7
      },
      "vue": {
        "total": 60.10666666666666,
        "script": 11.8,
        "paint": 47.14
      },
      "baseline_reatom_total": 69.56666666666666,
      "delta_vs_step2_total": -3.9666666666666686,
      "delta_vs_step2_script": -1.7333333333333307
    },
    "09_clear1k_x8": {
      "reatom": {
        "total": 34.70666666666667,
        "script": 31.586666666666662,
        "paint": 2.386666666666667
      },
      "vue": {
        "total": 23.30666666666667,
        "script": 20.253333333333334,
        "paint": 2.386666666666667
      },
      "baseline_reatom_total": 26.413333333333334,
      "delta_vs_step2_total": 8.286666666666665,
      "delta_vs_step2_script": 7.766666666666666
    },
    "21_ready-memory": {
      "reatom": {
        "total": 1.1691722869873047,
        "script": null,
        "paint": null
      },
      "vue": {
        "total": 1.3691596984863281,
        "script": null,
        "paint": null
      },
      "baseline_reatom_total": 1.2248830795288086,
      "delta_vs_step2_total": -0.04009246826171875,
      "delta_vs_step2_script": null
    },
    "22_run-memory": {
      "reatom": {
        "total": 6.436676025390625,
        "script": null,
        "paint": null
      },
      "vue": {
        "total": 4.259387969970703,
        "script": null,
        "paint": null
      },
      "baseline_reatom_total": 6.361700057983398,
      "delta_vs_step2_total": -0.019243240356445312,
      "delta_vs_step2_script": null
    },
    "25_run-clear-memory": {
      "reatom": {
        "total": 1.62255859375,
        "script": null,
        "paint": null
      },
      "vue": {
        "total": 2.029254913330078,
        "script": null,
        "paint": null
      },
      "baseline_reatom_total": 1.622481346130371,
      "delta_vs_step2_total": -0.011590957641601562,
      "delta_vs_step2_script": null
    },
    "41_size-uncompressed": {
      "reatom": {
        "total": 30.4,
        "script": null,
        "paint": null
      },
      "vue": {
        "total": 63.7,
        "script": null,
        "paint": null
      },
      "baseline_reatom_total": 29.6,
      "delta_vs_step2_total": 0.29999999999999716,
      "delta_vs_step2_script": null
    },
    "42_size-compressed": {
      "reatom": {
        "total": 10.7,
        "script": null,
        "paint": null
      },
      "vue": {
        "total": 22.8,
        "script": null,
        "paint": null
      },
      "baseline_reatom_total": 10.4,
      "delta_vs_step2_total": 0.09999999999999964,
      "delta_vs_step2_script": null
    },
    "43_first-paint": {
      "reatom": {
        "total": 70.4,
        "script": null,
        "paint": null
      },
      "vue": {
        "total": 122.8,
        "script": null,
        "paint": null
      },
      "baseline_reatom_total": 65.9,
      "delta_vs_step2_total": 0.4000000000000057,
      "delta_vs_step2_script": null
    }
  }
}