{
  "step": 5,
  "name": "gate-log",
  "geos": {
    "reatom-jsx": 49.0377286961503,
    "vue": 45.12956733431256
  },
  "prev_geos": {
    "reatom-jsx": 47.47867900098989,
    "vue": 43.99740881274712
  },
  "baseline_geos": {
    "reatom-jsx": 43.59101938415171,
    "vue": 40.24475797416552
  },
  "step_geos": {
    "1": {
      "reatom-jsx": 49.72302216774105,
      "vue": 47.406760774552
    },
    "2": {
      "reatom-jsx": 44.01947751413292,
      "vue": 39.76195245919173
    },
    "3": {
      "reatom-jsx": 43.450198739099406,
      "vue": 40.188949498512955
    },
    "4": {
      "reatom-jsx": 47.47867900098989,
      "vue": 43.99740881274712
    },
    "5": {
      "reatom-jsx": 49.0377286961503,
      "vue": 45.12956733431256
    }
  },
  "benches": {
    "01_run1k": {
      "reatom": {
        "total": 69.98666666666668,
        "script": 27.099999999999998,
        "paint": 42.2
      },
      "vue": {
        "total": 56.67999999999999,
        "script": 14.206666666666667,
        "paint": 41.806666666666665
      },
      "baseline_reatom_total": 69.05333333333333,
      "delta_vs_step4_total": -0.38666666666667027,
      "delta_vs_step4_script": -0.533333333333335
    },
    "02_replace1k": {
      "reatom": {
        "total": 78.7,
        "script": 34.446666666666665,
        "paint": 43.46666666666667
      },
      "vue": {
        "total": 62.033333333333324,
        "script": 18.086666666666662,
        "paint": 43.21333333333334
      },
      "baseline_reatom_total": 71.33999999999999,
      "delta_vs_step4_total": 5.706666666666678,
      "delta_vs_step4_script": 4.159999999999997
    },
    "03_update10th1k_x16": {
      "reatom": {
        "total": 26.786666666666665,
        "script": 1.9466666666666665,
        "paint": 22.639999999999997
      },
      "vue": {
        "total": 30.84,
        "script": 4.293333333333333,
        "paint": 24.34
      },
      "baseline_reatom_total": 24.593333333333337,
      "delta_vs_step4_total": 3.3933333333333344,
      "delta_vs_step4_script": 0.6133333333333333
    },
    "04_select1k": {
      "reatom": {
        "total": 5.968000000000001,
        "script": 0.5680000000000002,
        "paint": 4.244000000000001
      },
      "vue": {
        "total": 7.56,
        "script": 1.7560000000000002,
        "paint": 4.648000000000001
      },
      "baseline_reatom_total": 5.5360000000000005,
      "delta_vs_step4_total": 0.476,
      "delta_vs_step4_script": 0.016000000000000125
    },
    "05_swap1k": {
      "reatom": {
        "total": 32.71333333333333,
        "script": 0.7933333333333333,
        "paint": 29.393333333333334
      },
      "vue": {
        "total": 34.26,
        "script": 2.0866666666666664,
        "paint": 29.66
      },
      "baseline_reatom_total": 29.75333333333333,
      "delta_vs_step4_total": -1.9600000000000009,
      "delta_vs_step4_script": 0.033333333333333326
    },
    "06_remove-one-1k": {
      "reatom": {
        "total": 26.946666666666662,
        "script": 0.4,
        "paint": 25.24
      },
      "vue": {
        "total": 29.39333333333333,
        "script": 3.4466666666666663,
        "paint": 24.573333333333334
      },
      "baseline_reatom_total": 23.486666666666668,
      "delta_vs_step4_total": 0.899999999999995,
      "delta_vs_step4_script": -0.019999999999999962
    },
    "07_create10k": {
      "reatom": {
        "total": 695.5533333333333,
        "script": 240.85999999999996,
        "paint": 449.7533333333333
      },
      "vue": {
        "total": 609.2466666666666,
        "script": 107.66,
        "paint": 497.15999999999997
      },
      "baseline_reatom_total": 659.8733333333333,
      "delta_vs_step4_total": -10.533333333333417,
      "delta_vs_step4_script": 2.873333333333278
    },
    "08_create1k-after1k_x2": {
      "reatom": {
        "total": 74.67333333333335,
        "script": 23.933333333333337,
        "paint": 49.49333333333333
      },
      "vue": {
        "total": 61.84000000000001,
        "script": 12.246666666666666,
        "paint": 48.419999999999995
      },
      "baseline_reatom_total": 69.56666666666666,
      "delta_vs_step4_total": -1.019999999999996,
      "delta_vs_step4_script": -0.9533333333333296
    },
    "09_clear1k_x8": {
      "reatom": {
        "total": 40.67333333333333,
        "script": 37.66666666666667,
        "paint": 2.1266666666666665
      },
      "vue": {
        "total": 24.966666666666665,
        "script": 21.83333333333333,
        "paint": 2.546666666666667
      },
      "baseline_reatom_total": 26.413333333333334,
      "delta_vs_step4_total": 2.1866666666666603,
      "delta_vs_step4_script": 2.373333333333342
    },
    "21_ready-memory": {
      "reatom": {
        "total": 1.2126855850219727,
        "script": null,
        "paint": null
      },
      "vue": {
        "total": 1.3693351745605469,
        "script": null,
        "paint": null
      },
      "baseline_reatom_total": 1.2248830795288086,
      "delta_vs_step4_total": -0.02600574493408203,
      "delta_vs_step4_script": null
    },
    "22_run-memory": {
      "reatom": {
        "total": 6.442055702209473,
        "script": null,
        "paint": null
      },
      "vue": {
        "total": 4.263975143432617,
        "script": null,
        "paint": null
      },
      "baseline_reatom_total": 6.361700057983398,
      "delta_vs_step4_total": 0.027703285217285156,
      "delta_vs_step4_script": null
    },
    "25_run-clear-memory": {
      "reatom": {
        "total": 1.720245361328125,
        "script": null,
        "paint": null
      },
      "vue": {
        "total": 2.048027992248535,
        "script": null,
        "paint": null
      },
      "baseline_reatom_total": 1.622481346130371,
      "delta_vs_step4_total": 0.06044960021972656,
      "delta_vs_step4_script": null
    },
    "41_size-uncompressed": {
      "reatom": {
        "total": 30.5,
        "script": null,
        "paint": null
      },
      "vue": {
        "total": 63.7,
        "script": null,
        "paint": null
      },
      "baseline_reatom_total": 29.6,
      "delta_vs_step4_total": 0.0,
      "delta_vs_step4_script": null
    },
    "42_size-compressed": {
      "reatom": {
        "total": 10.7,
        "script": null,
        "paint": null
      },
      "vue": {
        "total": 22.8,
        "script": null,
        "paint": null
      },
      "baseline_reatom_total": 10.4,
      "delta_vs_step4_total": 0.0,
      "delta_vs_step4_script": null
    },
    "43_first-paint": {
      "reatom": {
        "total": 72.2,
        "script": null,
        "paint": null
      },
      "vue": {
        "total": 124.9,
        "script": null,
        "paint": null
      },
      "baseline_reatom_total": 65.9,
      "delta_vs_step4_total": -0.20000000000000284,
      "delta_vs_step4_script": null
    }
  }
}