{
  "experiment": "exp3-registry-release-merged-arrays",
  "geos": {
    "reatom-jsx": 44.88744485901411,
    "vue": 41.370195123014135
  },
  "prev_geos": {
    "reatom-jsx": 45.21351341272973,
    "vue": 42.4760150098739
  },
  "baseline_geos": {
    "reatom-jsx": 43.59101938415171,
    "vue": 40.24475797416552
  },
  "benches": {
    "01_run1k": {
      "reatom": {
        "total": 69.72666666666667,
        "script": 26.06666666666667,
        "paint": 42.919999999999995,
        "n": 15,
        "total_sd": 2.633700999046959,
        "script_sd": 1.6901676445449625
      },
      "vue": {
        "total": 56.47333333333333,
        "script": 13.3,
        "paint": 42.48666666666667
      },
      "baseline_reatom_total": 69.05333333333333,
      "delta_vs_prev_total": -0.9066666666666379,
      "delta_vs_prev_script": -1.2799999999999976
    },
    "02_replace1k": {
      "reatom": {
        "total": 73.08666666666667,
        "script": 28.94666666666667,
        "paint": 43.49999999999999,
        "n": 15,
        "total_sd": 2.01063837292206,
        "script_sd": 0.7945049372018372
      },
      "vue": {
        "total": 59.93333333333333,
        "script": 15.900000000000002,
        "paint": 43.29333333333334
      },
      "baseline_reatom_total": 71.33999999999999,
      "delta_vs_prev_total": -2.693333333333314,
      "delta_vs_prev_script": -1.3533333333333317
    },
    "03_update10th1k_x16": {
      "reatom": {
        "total": 24.57333333333333,
        "script": 1.6066666666666665,
        "paint": 20.77333333333333,
        "n": 15,
        "total_sd": 0.7573135476959391,
        "script_sd": 0.32616093018777154
      },
      "vue": {
        "total": 27.173333333333332,
        "script": 3.5599999999999996,
        "paint": 21.57333333333333
      },
      "baseline_reatom_total": 24.593333333333337,
      "delta_vs_prev_total": -0.9200000000000017,
      "delta_vs_prev_script": -0.3733333333333333
    },
    "04_select1k": {
      "reatom": {
        "total": 5.728,
        "script": 0.49200000000000005,
        "paint": 4.239999999999999,
        "n": 25,
        "total_sd": 0.6017474553332153,
        "script_sd": 0.28565713714171403
      },
      "vue": {
        "total": 7.0680000000000005,
        "script": 1.5399999999999998,
        "paint": 4.416
      },
      "baseline_reatom_total": 5.5360000000000005,
      "delta_vs_prev_total": 0.07600000000000051,
      "delta_vs_prev_script": -0.08000000000000002
    },
    "05_swap1k": {
      "reatom": {
        "total": 33.306666666666665,
        "script": 0.9733333333333334,
        "paint": 30.00666666666667,
        "n": 15,
        "total_sd": 5.162290004953043,
        "script_sd": 0.4008324670815311
      },
      "vue": {
        "total": 31.36,
        "script": 1.7466666666666666,
        "paint": 27.279999999999998
      },
      "baseline_reatom_total": 29.75333333333333,
      "delta_vs_prev_total": 3.9066666666666663,
      "delta_vs_prev_script": 0.22000000000000008
    },
    "06_remove-one-1k": {
      "reatom": {
        "total": 23.913333333333334,
        "script": 0.44,
        "paint": 22.27333333333333,
        "n": 15,
        "total_sd": 0.6300415708128962,
        "script_sd": 0.3850788416489724
      },
      "vue": {
        "total": 26.560000000000002,
        "script": 2.9000000000000004,
        "paint": 22.246666666666666
      },
      "baseline_reatom_total": 23.486666666666668,
      "delta_vs_prev_total": -0.6866666666666568,
      "delta_vs_prev_script": 0.14
    },
    "07_create10k": {
      "reatom": {
        "total": 661.1533333333334,
        "script": 215.4666666666667,
        "paint": 440.8933333333334,
        "n": 15,
        "total_sd": 32.74339337215693,
        "script_sd": 7.21898950849837
      },
      "vue": {
        "total": 565.2666666666665,
        "script": 100.91333333333331,
        "paint": 459.8666666666666
      },
      "baseline_reatom_total": 659.8733333333333,
      "delta_vs_prev_total": -40.66666666666663,
      "delta_vs_prev_script": -14.726666666666603
    },
    "08_create1k-after1k_x2": {
      "reatom": {
        "total": 70.45333333333335,
        "script": 22.2,
        "paint": 46.98666666666667,
        "n": 15,
        "total_sd": 2.5759510495201203,
        "script_sd": 0.8451542547285167
      },
      "vue": {
        "total": 60.91333333333332,
        "script": 11.706666666666667,
        "paint": 48.04666666666666
      },
      "baseline_reatom_total": 69.56666666666666,
      "delta_vs_prev_total": -0.28666666666664753,
      "delta_vs_prev_script": -0.32666666666666444
    },
    "09_clear1k_x8": {
      "reatom": {
        "total": 27.8,
        "script": 25.10666666666667,
        "paint": 2.0133333333333336,
        "n": 15,
        "total_sd": 1.0862780491200217,
        "script_sd": 1.0525253079187809
      },
      "vue": {
        "total": 19.040000000000003,
        "script": 16.3,
        "paint": 1.82
      },
      "baseline_reatom_total": 26.413333333333334,
      "delta_vs_prev_total": -0.7133333333333347,
      "delta_vs_prev_script": -0.5066666666666677
    },
    "21_ready-memory": {
      "reatom": {
        "total": 1.24365234375,
        "script": null,
        "paint": null
      },
      "vue": {
        "total": 1.3564529418945312,
        "script": null,
        "paint": null
      },
      "baseline_reatom_total": 1.2248830795288086,
      "delta_vs_prev_total": 0.04608345031738281,
      "delta_vs_prev_script": null
    },
    "22_run-memory": {
      "reatom": {
        "total": 6.669013977050781,
        "script": null,
        "paint": null
      },
      "vue": {
        "total": 4.264714241027832,
        "script": null,
        "paint": null
      },
      "baseline_reatom_total": 6.361700057983398,
      "delta_vs_prev_total": -0.31969738006591797,
      "delta_vs_prev_script": null
    },
    "25_run-clear-memory": {
      "reatom": {
        "total": 1.6768760681152344,
        "script": null,
        "paint": null
      },
      "vue": {
        "total": 2.047654151916504,
        "script": null,
        "paint": null
      },
      "baseline_reatom_total": 1.622481346130371,
      "delta_vs_prev_total": 0.057282447814941406,
      "delta_vs_prev_script": null
    },
    "41_size-uncompressed": {
      "reatom": {
        "total": 31.6,
        "script": null,
        "paint": null
      },
      "vue": {
        "total": 63.7,
        "script": null,
        "paint": null
      },
      "baseline_reatom_total": 29.6,
      "delta_vs_prev_total": 0.0,
      "delta_vs_prev_script": null
    },
    "42_size-compressed": {
      "reatom": {
        "total": 11,
        "script": null,
        "paint": null
      },
      "vue": {
        "total": 22.8,
        "script": null,
        "paint": null
      },
      "baseline_reatom_total": 10.4,
      "delta_vs_prev_total": 0,
      "delta_vs_prev_script": null
    },
    "43_first-paint": {
      "reatom": {
        "total": 67,
        "script": null,
        "paint": null
      },
      "vue": {
        "total": 125.8,
        "script": null,
        "paint": null
      },
      "baseline_reatom_total": 65.9,
      "delta_vs_prev_total": -9,
      "delta_vs_prev_script": null
    }
  }
}